movie_name,genre,year,rating
Dekiru: The Three Stones, Adventure,2017,3.2
Colony 52, Adventure,2017,3.2
The Dinner, Adventure,2017,3.2
Like Me, Adventure,2017,3.2
Patel Ki Punjabi Shaadi, Adventure,2017,3.2
Apocalypse: Hope for Life, Adventure,2017,3.2
The Price, Adventure,2017,3.2
Poslední z Aporveru, Adventure,2017,3.2
Adam K, Adventure,2017,3.2
Johnny Golf Pro, Adventure,2017,3.2
The Labyrinth, Adventure,2017,3.2
Beyond the Clouds, Adventure,2017,3.2
Among Us, Adventure,2017,3.2
Snakebite Protection Chronicles, Adventure,2017,3.2
The Curse of All Hallows' Eve, Adventure,2017,3.2
Boone: The Bounty Hunter, Adventure,2017,3.2
I Do... Until I Don't, Adventure,2017,3.2
La musica del silenzio, Adventure,2017,3.2
Love Faces, Adventure,2017,3.2
Hitchhiker Massacre, Adventure,2017,3.2
Scars of a Predator, Adventure,2017,3.2
El Camino Christmas, Adventure,2017,3.2
The Concessionaires Must Die!, Adventure,2017,3.2
Evil Rising, Adventure,2017,3.2
Anabolic Life, Adventure,2017,3.2
Loving Vincent, Adventure,2017,3.2
Base, Adventure,2017,3.2
The Violent States of America, Adventure,2017,3.2
November Criminals, Adventure,2017,3.2
Crown Heights, Adventure,2017,3.2
Predatory Moon, Adventure,2017,3.2
Officer Pigsley, Adventure,2017,3.2
The Musician, Adventure,2017,3.2
Sueño en otro idioma, Adventure,2017,3.2
Limani, Adventure,2017,3.2
Donovan, Adventure,2017,3.2
I Saw, Adventure,2017,3.2
Cult of Chucky, Adventure,2017,3.2
Cuando los hijos regresan, Adventure,2017,3.2
Hunter X, Adventure,2017,3.2
Benzin, Adventure,2017,3.2
We're Doing Fine, Adventure,2017,3.2
The Beautiful Ones, Adventure,2017,3.2
After School Special, Adventure,2017,3.2
Myr vashomu domu!, Adventure,2017,3.2
You Can't Have It, Adventure,2017,3.2
Frankenstein vs. The Mummy, Adventure,2017,3.2
Mientras el Lobo No Está, Adventure,2017,3.2
Oude Liefde, Adventure,2017,3.2
HHhH, Adventure,2017,3.2
La Fuga: Girl in Flight,Adventure,2017,7.2
Amelia 2.0,Adventure,2017,7.2
Slasher.com,Adventure,2017,7.2
Crazy Famous,Adventure,2017,7.2
Borley Rectory,Adventure,2017,7.2
Cold Side of the Pillow,Adventure,2017,7.2
Wolf,Adventure,2017,7.2
Nincompoops,Adventure,2017,7.2
Birds Like Us,Adventure,2017,7.2
Seuls,Adventure,2017,7.2
The Legend of Ben Hall,Adventure,2017,7.2
Dead Body,Adventure,2017,7.2
The Chop,Adventure,2017,7.2
Boarding School,Adventure,2017,7.2
Kill Order,Adventure,2017,7.2
Promises,Adventure,2017,7.2
Spin the Plate,Adventure,2017,7.2
Return to Nihasa,Adventure,2017,7.2
Maggie Black,Adventure,2017,7.2
The Slider,Adventure,2017,7.2
Progress (and Unrelated Things),Adventure,2017,7.2
Stegman Is Dead,Adventure,2017,7.2
Okupatsiya,Adventure,2017,7.2
Faces,Adventure,2017,7.2
Gates of Darkness,Adventure,2017,7.2
Tragedy Girls,Adventure,2017,7.2
How to Talk to Girls at Parties,Adventure,2017,7.2
West of Eden,Adventure,2017,7.2
Cargo,Adventure,2017,7.2
Viktorville,Adventure,2017,7.2
Little Pink House,Adventure,2017,7.2
Consciousness,Adventure,2017,7.2
Los que aman odian,Adventure,2017,7.2
Lazy,Adventure,2017,7.2
Vsetko alebo nic,Adventure,2017,7.2
The 5th Dimension,Adventure,2017,7.2
L'appel du Vide,Adventure,2017,7.2
The Boss Baby,Adventure,2017,7.2
After Hours Trading,Adventure,2017,7.2
Good Grief,Adventure,2017,7.2
Peregrina,Adventure,2017,7.2
Rendel,Adventure,2017,7.2
Blue Dawn,Adventure,2017,7.2
Stronger,Adventure,2017,7.2
God's Speed,Adventure,2017,7.2
Blood Ties,Adventure,2017,7.2
Strangers Within,Adventure,2017,7.2
Trinta Lumes,Adventure,2017,7.2
Sleepwalking,Adventure,2017,7.2
The Legend of King Solomon,Adventure,2017,7.2
Urfin Dzhyus i ego derevyannye soldaty, Adventure,2017,4.8
Love Beats Rhymes, Adventure,2017,4.8
Révélation, Adventure,2017,4.8
The Death of Stalin, Adventure,2017,4.8
Mad to Be Normal, Adventure,2017,4.8
Shuddhi, Adventure,2017,4.8
Nine Seconds, Adventure,2017,4.8
Cloudboy, Adventure,2017,4.8
OtherLife, Adventure,2017,4.8
Un profil pour deux, Adventure,2017,4.8
Domain, Adventure,2017,4.8
Once Upon a Time in Venice, Adventure,2017,4.8
Pazúcus: A Ilha do Desarrego, Adventure,2017,4.8
It Comes at Night, Adventure,2017,4.8
Thodi Thodi Si Manmaaniyan, Adventure,2017,4.8
Nails, Adventure,2017,4.8
Good Day, Adventure,2017,4.8
Moualla, Adventure,2017,4.8
Charlotte Wakes, Adventure,2017,4.8
AranyaDeb, Adventure,2017,4.8
Michael's Ride, Adventure,2017,4.8
Saving the Tin Man, Adventure,2017,4.8
Hard Surfaces, Adventure,2017,4.8
Gurgaon, Adventure,2017,4.8
What They Let In, Adventure,2017,4.8
Freiheit, Adventure,2017,4.8
For Michelle, Adventure,2017,4.8
Eye on Juliet, Adventure,2017,4.8
6 Days, Adventure,2017,4.8
Camp Cool Kids, Adventure,2017,4.8
Writer's Block, Adventure,2017,4.8
The Psychotics, Adventure,2017,4.8
Ghosts of Darkness, Adventure,2017,4.8
Lakota Girls, Adventure,2017,4.8
El DiCaprio de Corozopando, Adventure,2017,4.8
Mountain Fever, Adventure,2017,4.8
Cold November, Adventure,2017,4.8
Pitching Tents, Adventure,2017,4.8
A Relationship, Adventure,2017,4.8
Ramad, Adventure,2017,4.8
Zenith Protocol, Adventure,2017,4.8
100 tula para kay Stella, Adventure,2017,4.8
Sign Gene, Adventure,2017,4.8
The Overseer, Adventure,2017,4.8
The Cliff, Adventure,2017,4.8
Cops and Robbers, Adventure,2017,4.8
Mutafukaz, Adventure,2017,4.8
Clusterf*ck, Adventure,2017,4.8
Kirik Kalpler Bankasi, Adventure,2017,4.8
Curvature, Adventure,2017,4.8
Bushwick, Adventure,2017,5.2
The Discarded, Adventure,2017,5.2
The Good Catholic, Adventure,2017,5.2
Vitamin She, Adventure,2017,5.2
El Fútbol o yo, Adventure,2017,5.2
Waiting for You, Adventure,2017,5.2
The Last Photograph, Adventure,2017,5.2
The Little Vampire 3D, Adventure,2017,5.2
Fantasma, Adventure,2017,5.2
Carter & June, Adventure,2017,5.2
Apostasy, Adventure,2017,5.2
Eliza Sherman's Revenge, Adventure,2017,5.2
Lyubov s ogranicheniyami, Adventure,2017,5.2
Prityazhenie, Adventure,2017,5.2
The Tormented, Adventure,2017,5.2
Malasartes e o Duelo com a Morte, Adventure,2017,5.2
Octav, Adventure,2017,5.2
Bon Cop Bad Cop 2, Adventure,2017,5.2
That's Not Me, Adventure,2017,5.2
Orzel, Adventure,2017,5.2
By Any Means, Adventure,2017,5.2
Cygnus, Adventure,2017,5.2
The Girl Without a Name, Adventure,2017,5.2
Hacked Off!, Adventure,2017,5.2
Ocean Odyssey, Adventure,2017,5.2
The Scent of Rain & Lightning, Adventure,2017,5.2
Pope, Adventure,2017,5.2
Fremde Tochter, Adventure,2017,5.2
Kehlkopfschuss, Adventure,2017,5.2
War Machine, Adventure,2017,5.2
A Walk, Adventure,2017,5.2
200 Degrees, Adventure,2017,5.2
The Summoning, Adventure,2017,5.2
Seventies, Adventure,2017,5.2
Le conte des sables d'or, Adventure,2017,5.2
Pitch Perfect 3, Adventure,2017,5.2
Cannibal Cop, Adventure,2017,5.2
Wake the Dead, Adventure,2017,5.2
Kept Boy, Adventure,2017,5.2
Sightings, Adventure,2017,5.2
Vlad's Legacy, Adventure,2017,5.2
Alex & Jaime, Adventure,2017,5.2
Exploding Heads, Adventure,2017,5.2
Live or Die in La Honda, Adventure,2017,5.2
The Lake, Adventure,2017,5.2
Roadies, Adventure,2017,5.2
Sophia Lazzati, Adventure,2017,5.2
Cédrika, Adventure,2017,5.2
Forsaken, Adventure,2017,5.2
Saiki Kusuo no sai-nan, Adventure,2017,5.2
Dealer, Adventure,I) (2017,7.8
Sunflower, Adventure,I) (2017,7.8
Comment j'ai rencontré mon père, Adventure,I) (2017,7.8
Lucifer, Adventure,I) (2017,7.8
The Boy Downstairs, Adventure,I) (2017,7.8
Breakable You, Adventure,I) (2017,7.8
La Contradicta, Adventure,I) (2017,7.8
Ayúdame a pasar la noche, Adventure,I) (2017,7.8
Kyrsyä - Tuftland, Adventure,I) (2017,7.8
Love's Labour's Lost, Adventure,I) (2017,7.8
Heis: Chroniques, Adventure,I) (2017,7.8
The Wedding Train, Adventure,I) (2017,7.8
A Bus Stop, Adventure,I) (2017,7.8
Incident at the Cafe, Adventure,I) (2017,7.8
The Raven's Prey, Adventure,I) (2017,7.8
Taxi Stories, Adventure,I) (2017,7.8
Ghost Note, Adventure,I) (2017,7.8
Buscando Nirvana, Adventure,I) (2017,7.8
Mother!, Adventure,I) (2017,7.8
One Under the Sun, Adventure,I) (2017,7.8
This Too Shall Pass, Adventure,I) (2017,7.8
Severina, Adventure,I) (2017,7.8
Una gita a Roma, Adventure,I) (2017,7.8
Noctem, Adventure,I) (2017,7.8
Golden Vanity, Adventure,I) (2017,7.8
Super Dark Times, Adventure,I) (2017,7.8
Secrets, Adventure,I) (2017,7.8
Heart of Clay, Adventure,I) (2017,7.8
Veras Mantel, Adventure,I) (2017,7.8
The Keeping Hours, Adventure,I) (2017,7.8
True to the Game, Adventure,I) (2017,7.8
Get the Sucker Back, Adventure,I) (2017,7.8
Pink Elephant, Adventure,I) (2017,7.8
Glow, Adventure,I) (2017,7.8
Frat Star, Adventure,I) (2017,7.8
Adam, Adventure,I) (2017,7.8
Alien Shadows, Adventure,I) (2017,7.8
Pyewacket, Adventure,I) (2017,7.8
Bari Luys, Adventure,I) (2017,7.8
Perfect sãnãtos, Adventure,I) (2017,7.8
Guffpunch, Adventure,I) (2017,7.8
El bar, Adventure,I) (2017,7.8
Flaugstad, Adventure,I) (2017,7.8
Contents Under Pressure, Adventure,I) (2017,7.8
Savage, Adventure,I) (2017,7.8
Amazon Obhijaan, Adventure,I) (2017,7.8
Your Flesh, Your Curse, Adventure,I) (2017,7.8
Vo veki vechnye, Adventure,I) (2017,7.8
Nul is nie niks nie, Adventure,I) (2017,7.8
Unbreakable Bond, Adventure,I) (2017,7.8
Oro,Adventure,2017,5.6
Oh My God,Adventure,2017,5.6
Stranger's Relative,Adventure,2017,5.6
Camino a Marte,Adventure,2017,5.6
Gufors,Adventure,2017,5.6
The Book,Adventure,2017,5.6
Loves Park,Adventure,2017,5.6
Isshuukan furenzu,Adventure,2017,5.6
Bloods Thicker Then Water,Adventure,2017,5.6
Soul Goal,Adventure,2017,5.6
The Purple Lotus,Adventure,2017,5.6
Release,Adventure,2017,5.6
The Esquire,Adventure,2017,5.6
Where the Fast Lane Ends,Adventure,2017,5.6
Jealous Gods,Adventure,2017,5.6
I Hate the Man in My Basement,Adventure,2017,5.6
La tercera ley de Newton,Adventure,2017,5.6
Mark Felt: The Man Who Brought Down the White House,Adventure,2017,5.6
Abe & Phil's Last Poker Game,Adventure,2017,5.6
Exfil,Adventure,2017,5.6
Hello Napoleon,Adventure,2017,5.6
La mirada escrita,Adventure,2017,5.6
La llamada,Adventure,2017,5.6
Non-Transferable,Adventure,2017,5.6
The Doll,Adventure,2017,5.6
Abigail's Secret,Adventure,2017,5.6
Zoroastro,Adventure,2017,5.6
The Song of Scorpions,Adventure,2017,5.6
Hedgehog,Adventure,2017,5.6
Four Bottles,Adventure,2017,5.6
Sollers Point,Adventure,2017,5.6
Eric Blair and I,Adventure,2017,5.6
Slumber,Adventure,2017,5.6
Khamosh Adalat Jaari Hai,Adventure,2017,5.6
The Terror of Hallow's Eve,Adventure,2017,5.6
Vida de Familia,Adventure,2017,5.6
2Close2U,Adventure,2017,5.6
I Can I Will I Did,Adventure,2017,5.6
The Philadelphia Bicycle Vignette Story,Adventure,2017,5.6
Abracadabra,Adventure,2017,5.6
Second Honeymoon,Adventure,2017,5.6
Happy Hunting,Adventure,2017,5.6
The Drama Club,Adventure,2017,5.6
Mohawk,Adventure,2017,5.6
68 Kill,Adventure,2017,5.6
Round of Your Life,Adventure,2017,5.6
Sensitive Parts,Adventure,2017,5.6
The Book of Ten Years,Adventure,2017,5.6
Beach House,Adventure,2017,5.6
13 Chambers,Adventure,2017,5.6
The Dead Don't Care for Vengeance, Adventure,2017,5.3
It's What Dad Would Have Wanted, Adventure,2017,5.3
It Happened One Valentine's, Adventure,2017,5.3
Ar Putam uz Lupam, Adventure,2017,5.3
S.M.A.R.T. Chase, Adventure,2017,5.3
Dos Compadres y una Yola, Adventure,2017,5.3
Kiki ile Miki Alatura, Adventure,2017,5.3
Thoroughbreds, Adventure,2017,5.3
The Florida Project, Adventure,2017,5.3
Gostosas, Lindas e Sexies, Adventure,2017,5.3
Shakespeare's Heroes and Villains, Adventure,2017,5.3
Steven Berkoff's Tell Tale Heart, Adventure,2017,5.3
Álom hava, Adventure,2017,5.3
Conundrum!, Adventure,2017,5.3
Sargad, Adventure,2017,5.3
Jugend ohne Gott, Adventure,2017,5.3
Camera Obscura, Adventure,2017,5.3
What Children Do, Adventure,2017,5.3
Sex.Sound.Silence, Adventure,2017,5.3
The Lears, Adventure,2017,5.3
The Philosophers, Adventure,2017,5.3
Shabondama, Adventure,2017,5.3
Bad Day for the Cut, Adventure,2017,5.3
#Slaughterhouse, Adventure,2017,5.3
Saturday Church, Adventure,2017,5.3
The Corrupt Half, Adventure,2017,5.3
The Hero, Adventure,2017,5.3
Wild Man, Adventure,2017,5.3
Kiss Kiss, Adventure,2017,5.3
Medea, Adventure,2017,5.3
Alibi.com, Adventure,2017,5.3
Den enda vägen, Adventure,2017,5.3
I'm Not Here, Adventure,2017,5.3
Daddy's Home Two, Adventure,2017,5.3
Brawl in Cell Block 99, Adventure,2017,5.3
Barcelona Baby!, Adventure,2017,5.3
Silver Woods, Adventure,2017,5.3
Humor Me, Adventure,2017,5.3
Sperm Whale: Roya's Selection, Adventure,2017,5.3
A Midsummer Night's Dream, Adventure,2017,5.3
Paper Angels, Adventure,2017,5.3
5 Nights with Savannah, Adventure,2017,5.3
The Sideling Hill, Adventure,2017,5.3
Karanukan, Adventure,2017,5.3
Fighting Belle, Adventure,2017,5.3
Wick City Rockabilly, Adventure,2017,5.3
Dead Trigger, Adventure,2017,5.3
Blind Way, Adventure,2017,5.3
Barracuda, Adventure,2017,5.3
Crocadylus, Adventure,2017,5.3
Arg Stairs,Adventure,2017,4.3
We Love You, Sally Carmichael!,Adventure,2017,4.3
Charismata,Adventure,2017,4.3
Infinity Baby,Adventure,2017,4.3
Sun Dogs,Adventure,2017,4.3
The Little Hours,Adventure,2017,4.3
Rusty Boys,Adventure,2017,4.3
1000 Arten Regen zu beschreiben,Adventure,2017,4.3
Black Site Delta,Adventure,2017,4.3
Faith Check,Adventure,2017,4.3
Cut Shoot Kill,Adventure,2017,4.3
Generational Sins,Adventure,2017,4.3
Stain,Adventure,2017,4.3
Therapy,Adventure,2017,4.3
The Charmer,Adventure,2017,4.3
Violeta al fin,Adventure,2017,4.3
Tombstone-Rashomon,Adventure,2017,4.3
The Recall,Adventure,2017,4.3
Mr. Zhu's Summer,Adventure,2017,4.3
Psyche,Adventure,2017,4.3
29 or: The Day a Girl Broke Up with a Boy,Adventure,2017,4.3
Dark Hours: Roxana,Adventure,2017,4.3
Slovenija, Avstralija in jutri ves svet,Adventure,2017,4.3
Indian Horse,Adventure,2017,4.3
Apache Wife,Adventure,2017,4.3
Frazier Park Recut,Adventure,2017,4.3
Get Big,Adventure,2017,4.3
Your Second Chance,Adventure,2017,4.3
Spelonk,Adventure,2017,4.3
Hellcat's Revenge,Adventure,2017,4.3
Agent,Adventure,2017,4.3
Algo muy gordo,Adventure,2017,4.3
Poor Agnes,Adventure,2017,4.3
Let's Kick It,Adventure,2017,4.3
La belle occasion,Adventure,2017,4.3
Team Hurricane,Adventure,2017,4.3
Breaking Point,Adventure,2017,4.3
Making Moves,Adventure,2017,4.3
Coffin 2,Adventure,2017,4.3
Bloodthirsty,Adventure,2017,4.3
Flesh and Blood a Go! Go!,Adventure,2017,4.3
Release from Heaven,Adventure,2017,4.3
Vermijo,Adventure,2017,4.3
Tap: The Last Show,Adventure,2017,4.3
Zelos,Adventure,2017,4.3
Les fantômes d'Ismaël,Adventure,2017,4.3
Le Redoutable,Adventure,2017,4.3
Pâkusu,Adventure,2017,4.3
Black Hollow Cage,Adventure,2017,4.3
Golden Exits,Adventure,2017,4.3
Wood Dan, Adventure,2017,4.7
Saat Panj é asr, Adventure,2017,4.7
The Rider, Adventure,2017,4.7
House of Paper, Adventure,2017,4.7
21 rooz baed, Adventure,2017,4.7
Mali & rah-hay narafteash, Adventure,2017,4.7
Ferrari, Adventure,2017,4.7
Marriage Vows, Adventure,2017,4.7
Tyler Perry's Boo 2! A Madea Halloween, Adventure,2017,4.7
Divine Will, Adventure,2017,4.7
Sleep Eaters, Adventure,2017,4.7
Maya Dardel, Adventure,2017,4.7
Israfil, Adventure,2017,4.7
Charlie en Hannah gaan uit, Adventure,2017,4.7
Pinti Ka Sabun, Adventure,2017,4.7
Daggers in Men's Smiles, Adventure,2017,4.7
Welcome to the Show, Adventure,2017,4.7
Gam man da song si, Adventure,2017,4.7
The Round Robin Movie, Adventure,2017,4.7
Godha, Adventure,2017,4.7
Area of Conflict, Adventure,2017,4.7
Shadow Lies, Adventure,2017,4.7
Laura Gets a Cat, Adventure,2017,4.7
My Death, Adventure,2017,4.7
A Safe Place, Adventure,2017,4.7
Honey Pie, Adventure,2017,4.7
Lucky Specials, Adventure,2017,4.7
El mito de la oscuridad, Adventure,2017,4.7
Undir trénu, Adventure,2017,4.7
Demon Mind, Adventure,2017,4.7
Dream Breaker, Adventure,2017,4.7
Majan, Adventure,2017,4.7
Comedy Ensani, Adventure,2017,4.7
Enzeva, Adventure,2017,4.7
Alles voor elkaar, Adventure,2017,4.7
Walking on String, Adventure,2017,4.7
Vista Mare, Adventure,2017,4.7
The Man Who Invented Christmas, Adventure,2017,4.7
Back to Q82, Adventure,2017,4.7
Fallen World, Adventure,2017,4.7
En attendant les hirondelles, Adventure,2017,4.7
TORMENT, Adventure,2017,4.7
Hayflick Limit, Adventure,2017,4.7
Baconaua, Adventure,2017,4.7
Shanel, Adventure,2017,4.7
Gud taler ud, Adventure,2017,4.7
inja amn nist, Adventure,2017,4.7
Pour le réconfort, Adventure,2017,4.7
Sexy Durga, Adventure,2017,4.7
Neko atsume no ie, Adventure,2017,4.7
Belle et Sébastien 3, le dernier chapitre,Adventure,2017,6.3
Se Busca Novio... Para Mi Mujer,Adventure,2017,6.3
Hao jile,Adventure,2017,6.3
Cocolors,Adventure,2017,6.3
Yoake tsugeru Rû no uta,Adventure,2017,6.3
A tout à l'heure,Adventure,2017,6.3
HH,Adventure,2017,6.3
The Buddhism Monks,Adventure,2017,6.3
Aunt Betty,Adventure,2017,6.3
Thora Jee Le,Adventure,2017,6.3
Ray Gun,Adventure,2017,6.3
Date of Redemption,Adventure,2017,6.3
Palash,Adventure,2017,6.3
Nadi Vahate,Adventure,2017,6.3
XIIa,Adventure,2017,6.3
Desecration,Adventure,2017,6.3
Love Blossoms,Adventure,2017,6.3
Esohe,Adventure,2017,6.3
Messenger of Wrath,Adventure,2017,6.3
Demi Cinta,Adventure,2017,6.3
Connect the Thots,Adventure,2017,6.3
Killer Christmas,Adventure,2017,6.3
Doctor Impostor,Adventure,2017,6.3
Mify,Adventure,2017,6.3
Unit Eleven,Adventure,2017,6.3
Deviant,Adventure,2017,6.3
Across the Crescent Moon,Adventure,2017,6.3
Sylvio,Adventure,2017,6.3
My Daddy's in Heaven,Adventure,2017,6.3
The Blackout,Adventure,2017,6.3
The Whole,Adventure,2017,6.3
Michael Jackson What If?,Adventure,2017,6.3
Movers: A Rags to Riches Story,Adventure,2017,6.3
Lifeform,Adventure,2017,6.3
Gale and the Storm,Adventure,2017,6.3
Cuando los hombres quedan solos,Adventure,2017,6.3
Cheng feng po lang,Adventure,2017,6.3
Jian wang cun,Adventure,2017,6.3
Foolish Love,Adventure,2017,6.3
Patricia: el regreso del sueño,Adventure,2017,6.3
El Circo Fosforescente by Rene Potter,Adventure,2017,6.3
Evil Bong 666,Adventure,2017,6.3
Le brio,Adventure,2017,6.3
Geu-hu,Adventure,2017,6.3
Black Man,Adventure,2017,6.3
Glass Garden,Adventure,2017,6.3
Son ellas,Adventure,2017,6.3
Descendentes: O Destino dos Irmãos,Adventure,2017,6.3
Grinch Robbers,Adventure,2017,6.3
Never Give Up,Adventure,2017,6.3
Light,Adventure,III) (2017,6.9
H1Z1: A New Beginning,Adventure,III) (2017,6.9
Same Same,Adventure,III) (2017,6.9
Ah, kôya 2,Adventure,III) (2017,6.9
The Road to Sunrise,Adventure,III) (2017,6.9
Instructions for Living,Adventure,III) (2017,6.9
Another Comic Ruse: Motel Sick,Adventure,III) (2017,6.9
Have a Nice Day,Adventure,III) (2017,6.9
Nos Ebtsama,Adventure,III) (2017,6.9
The Game Changer,Adventure,III) (2017,6.9
Walking Past the Future,Adventure,III) (2017,6.9
Exact Change,Adventure,III) (2017,6.9
Cacaya,Adventure,III) (2017,6.9
Welcome to the Rubber Room,Adventure,III) (2017,6.9
Drowned heart,Adventure,III) (2017,6.9
A Nail Clipper Romance,Adventure,III) (2017,6.9
Mermaid Parade,Adventure,III) (2017,6.9
Little Drops of Happy,Adventure,III) (2017,6.9
Holiday,Adventure,III) (2017,6.9
Nomansland,Adventure,III) (2017,6.9
City of Angels,Adventure,III) (2017,6.9
Code of Revelation,Adventure,III) (2017,6.9
Death in the Family,Adventure,III) (2017,6.9
College Kumar,Adventure,III) (2017,6.9
Eleyaru Naavu Geleyaru,Adventure,III) (2017,6.9
A Tale of Shadows,Adventure,III) (2017,6.9
Kukhnya. Poslednyaya bitva,Adventure,III) (2017,6.9
Shift (Shiljilt),Adventure,III) (2017,6.9
Little Investigators,Adventure,III) (2017,6.9
Texoma,Adventure,III) (2017,6.9
The Lou,Adventure,III) (2017,6.9
Septiembre, un llanto en silencio,Adventure,III) (2017,6.9
Upshot,Adventure,III) (2017,6.9
Valentina,Adventure,III) (2017,6.9
Iung U Slaek,Adventure,III) (2017,6.9
Love 2 the power of 4,Adventure,III) (2017,6.9
Sons and Fathers,Adventure,III) (2017,6.9
Entretien avec Jean Croque,Adventure,III) (2017,6.9
Corralón,Adventure,III) (2017,6.9
Lost Aloud,Adventure,III) (2017,6.9
Secrets of the Lakes,Adventure,III) (2017,6.9
Órfãos: o filme,Adventure,III) (2017,6.9
National Theatre Live: Rosencrantz & Guildenstern Are Dead,Adventure,III) (2017,6.9
National Theatre Live: Twelfth Night,Adventure,III) (2017,6.9
National Theatre Live: Amadeus,Adventure,III) (2017,6.9
National Theatre Live: Obsession,Adventure,III) (2017,6.9
National Theatre Live: Edward Albee's Who's Afraid of Virginia Woolf?,Adventure,III) (2017,6.9
National Theatre Live: Peter Pan,Adventure,III) (2017,6.9
National Theatre Live: Salomé,Adventure,III) (2017,6.9
National Theatre Live: Angels in America Part One - Millennium Approaches,Adventure,III) (2017,6.9
The Cafe, Adventure,2017,7.2
The Great Hand and the Bulgasari, Adventure,2017,7.2
The nose, Adventure,2017,7.2
Cicha noc, Adventure,2017,7.2
Who Can you Trust II: Diamond's Revenge, Adventure,2017,7.2
Steven's Tragedy, Adventure,2017,7.2
Cabros de Mierda, Adventure,2017,7.2
Country Far Away, Adventure,2017,7.2
Ach spij kochanie, Adventure,2017,7.2
MisTaken, Adventure,2017,7.2
Summer in Orange, Adventure,2017,7.2
The Elf, Adventure,2017,7.2
Dating in Atlanta: The Movie, Adventure,2017,7.2
Forsaken, Adventure,2017,7.2
Candy, Adventure,2017,7.2
Amores De Peso, Adventure,2017,7.2
Razing Sera, Adventure,2017,7.2
Eyes Don't Lie, Adventure,2017,7.2
La Tribu de las 7 Islas, Adventure,2017,7.2
Hambre, Adventure,2017,7.2
Filosofi Kopi 2: Ben & Jody, Adventure,2017,7.2
Disobedience or How to Train Fighting Roosters, Adventure,2017,7.2
P3: Preview Prod Preview, Adventure,2017,7.2
Srping Spring, Adventure,2017,7.2
Against the Night, Adventure,2017,7.2
i exomologisi, Adventure,2017,7.2
Switch, Adventure,2017,7.2
Rainbow, Adventure,2017,7.2
Scarecrow Island, Adventure,2017,7.2
Thug Life, Adventure,2017,7.2
Josephine's Demon, Adventure,2017,7.2
Lavina, Adventure,2017,7.2
1996 Lucia y los cadaveres en la piscina, Adventure,2017,7.2
A Call to Father, Adventure,2017,7.2
Shen gong yuan ling, Adventure,2017,7.2
Berangkat!, Adventure,2017,7.2
Whisper of the Heart III, Adventure,2017,7.2
Love Dream, Adventure,2017,7.2
Bosch's Truck, Adventure,2017,7.2
The Underdogs, Adventure,2017,7.2
Weekend Healer, Adventure,2017,7.2
Scary Night Out, Adventure,2017,7.2
Covadonga, Adventure,2017,7.2
The Dead Girlfriend, Adventure,2017,7.2
Kiss and Kill, Adventure,2017,7.2
Le Milliard, Adventure,2017,7.2
Let's Kill Hitler, Adventure,2017,7.2
Grey Zone, Adventure,2017,7.2
Songs in the Sun, Adventure,2017,7.2
Delírius Insurgentes, Adventure,2017,7.2
Kayak to Klemtu,Adventure,2017,7.5
Two on the Lam,Adventure,2017,7.5
¿Y los tamales?,Adventure,2017,7.5
The Missing,Adventure,2017,7.5
The Empty Iris,Adventure,2017,7.5
Jawaan,Adventure,2017,7.5
Bloopers Ambience,Adventure,2017,7.5
O Periklis ston parthenona,Adventure,2017,7.5
Thana,Adventure,2017,7.5
Momo to kiji,Adventure,2017,7.5
From 7 to Eleven,Adventure,2017,7.5
Brontosaurus,Adventure,2017,7.5
Taste,Adventure,2017,7.5
Misrule,Adventure,2017,7.5
Arranged,Adventure,2017,7.5
Pupa,Adventure,2017,7.5
Hva vil folk si,Adventure,2017,7.5
Mad for Each Other,Adventure,2017,7.5
Eksakrivosi,Adventure,2017,7.5
Top Secret,Adventure,2017,7.5
Sekala Niskala,Adventure,2017,7.5
Razzia,Adventure,2017,7.5
Korine côté mon show,Adventure,2017,7.5
A Film of Cinema,Adventure,2017,7.5
Garde alternée,Adventure,2017,7.5
Yesterday,Adventure,2017,7.5
Possession Project X,Adventure,2017,7.5
Reinos,Adventure,2017,7.5
It's a Wonderful Loaf,Adventure,2017,7.5
Struggling Girls,Adventure,2017,7.5
Alone,Adventure,2017,7.5
Krieg,Adventure,2017,7.5
The Stop Hit II, the Art of Invincibility,Adventure,2017,7.5
Akairo suisei kurabu,Adventure,2017,7.5
Mumi mushuuna ningentachi e,Adventure,2017,7.5
Chick Tack,Adventure,2017,7.5
Chonticha,Adventure,2017,7.5
Utsusutoki, kagayaku,Adventure,2017,7.5
Kuchi to kobushi,Adventure,2017,7.5
Cingöz Recai,Adventure,2017,7.5
Holy Terrors,Adventure,2017,7.5
La villa,Adventure,2017,7.5
Gahan,Adventure,2017,7.5
Prank Week,Adventure,2017,7.5
Maayavan,Adventure,2017,7.5
Cumali Ceber: Allah Seni Alsin,Adventure,2017,7.5
Neruppuda,Adventure,2017,7.5
Layout,Adventure,2017,7.5
The Spoof Project,Adventure,2017,7.5
Whitefolks,Adventure,2017,7.5
Green Leaves Yellow Flowers,Adventure,2017,6.4
Overtake,Adventure,2017,6.4
The Unseen,Adventure,2017,6.4
Pro lyubov. Tolko dlya vzroslykh,Adventure,2017,6.4
Austreten,Adventure,2017,6.4
Beach Day,Adventure,2017,6.4
Wol-Ha: Very Bad Moon Rising,Adventure,2017,6.4
Ashley,Adventure,2017,6.4
The Absence of Light,Adventure,2017,6.4
Dramebaaz Kalakaar,Adventure,2017,6.4
Fishtales 2,Adventure,2017,6.4
Bible Town,Adventure,2017,6.4
In Wild,Adventure,2017,6.4
Sly Shadow Record,Adventure,2017,6.4
Tatted Souls,Adventure,2017,6.4
Demon,Adventure,2017,6.4
Kung Fu Masters,Adventure,2017,6.4
Naughty 40,Adventure,2017,6.4
Broken Hallelujah,Adventure,2017,6.4
The Dearly Departed,Adventure,2017,6.4
Loi Nguyen Gia Toc,Adventure,2017,6.4
Mushino,Adventure,2017,6.4
A Shot of Nectar,Adventure,2017,6.4
Red Affair,Adventure,2017,6.4
Anando Brahma,Adventure,2017,6.4
Hacked Horror Film Massacre,Adventure,2017,6.4
Premeditated,Adventure,2017,6.4
Dry: The Days After...,Adventure,2017,6.4
Inner Beauty,Adventure,2017,6.4
Solsidan,Adventure,2017,6.4
Rong Beronger Korhi,Adventure,2017,6.4
Iskra,Adventure,2017,6.4
The Amber,Adventure,2017,6.4
La vita in comune,Adventure,2017,6.4
Deep Meaning aka: Neglect, Hate & Self Shame,Adventure,2017,6.4
Telepathic Manifesto,Adventure,2017,6.4
Eye for an Eye,Adventure,2017,6.4
CHANCE,Adventure,2017,6.4
Moravilla,Adventure,2017,6.4
Epigenesis,Adventure,2017,6.4
Into the valley of steel,Adventure,2017,6.4
Miss Me This Christmas,Adventure,2017,6.4
KIll Room,Adventure,2017,6.4
Going Home,Adventure,2017,6.4
You Can't Fight Christmas,Adventure,2017,6.4
NRA, an Important Announcement,Adventure,2017,6.4
Forever Saying Goodbye,Adventure,2017,6.4
Typecaste,Adventure,2017,6.4
Deli Dumrul,Adventure,2017,6.4
Binan koukou chikyuu boueibu Love! Love! Love!,Adventure,2017,6.4
Scott & Crowley: A Comic Book Adventure,Adventure,2017,4.4
Amalanhig: The Vampire Chronicles,Adventure,2017,4.4
High Tide,Adventure,2017,4.4
Coyotaje Run,Adventure,2017,4.4
For One Human Soul; a Struggle Within,Adventure,2017,4.4
The road back,Adventure,2017,4.4
Mala Kahich Problem Nahi,Adventure,2017,4.4
Quero Morrer, ou Como Aprendi a Falecer,Adventure,2017,4.4
La maldita primavera,Adventure,2017,4.4
Kablar Biye,Adventure,2017,4.4
Faith in God,Adventure,2017,4.4
Let's Break Up,Adventure,2017,4.4
Varia,Adventure,2017,4.4
Aberdeen Covenant,Adventure,2017,4.4
Trashville,Adventure,2017,4.4
Escape from the Devil's Den,Adventure,2017,4.4
Are Marler,Adventure,2017,4.4
Next Nuvve,Adventure,2017,4.4
It's a Boy,Adventure,2017,4.4
Meda Meeda Abbayi,Adventure,2017,4.4
Kurt Josef Wagle og mordmysteriet på Hurtigruta,Adventure,2017,4.4
Bitter Flowers,Adventure,2017,4.4
Zgoda,Adventure,2017,4.4
Red Venom Kills,Adventure,2017,4.4
Horseface 2: Reverse the Curse,Adventure,2017,4.4
Konjam konjam,Adventure,2017,4.4
Huliraya,Adventure,2017,4.4
Anurakthi 3D,Adventure,2017,4.4
Subject 36,Adventure,2017,4.4
Manuel,Adventure,2017,4.4
Café com Canela,Adventure,2017,4.4
Junior Vianna, Uma História de Sucesso,Adventure,2017,4.4
Hablar con los Muertos,Adventure,2017,4.4
Riding in Tandem,Adventure,2017,4.4
Tarak,Adventure,2017,4.4
Czuwaj,Adventure,2017,4.4
Los Hermanos Karaoke,Adventure,2017,4.4
Eo-lin hyeong-soo 2,Adventure,2017,4.4
The Ladies Almanack,Adventure,2017,4.4
To My Family,Adventure,2017,4.4
Psycho Delic: Findings of Psychoactive Experiments,Adventure,2017,4.4
The Rolling Stones: From the Vault - Sticky Fingers Live at the Fonda Theatre 2015,Adventure,2017,4.4
The War on Biscuits: A Catastrophe of Camcorders and Free Editing Software,Adventure,2017,4.4
Wieza. Jasny dzien,Adventure,2017,4.4
Kalavu Thozhirchalai,Adventure,2017,4.4
Pewnego razu w listopadzie,Adventure,2017,4.4
Draken & Deuntjes,Adventure,2017,4.4
Egzorcizam,Adventure,2017,4.4
Heaven,Adventure,2017,4.4
Jake Stagg,Adventure,2017,4.4
